Workbook

Sheet Tabelle1
A1: Bauvorhaben: | C1: 20006551 Offenbach, LEIQ | F1: Bieter: | G1: Sybotec | H1: Bieter: | I1: FBZ | J1: Bieter: | K1: Wellhöfer | L1: Bieter: | M1: Böhmler | N1: Bieter: | O1: Straehuber | P1: Bieter: | Q1: Akbo | R1: Bieter: | S1: Centerra | T1: Bieter: | U1: Rose | V1: Bieter:
F2: Tel: | G2: 09355-9705840 | H2: Tel: | I2: 069-782964 | J2: Tel: | K2: 069-95094880 | L2: Tel: | M2: 069-366012172 | N2: Tel: | O2: 06171-6941210 | P2: Tel: | Q2: 06151-1590050 | R2: Tel: | S2: 06204-6082354 | T2: Tel: | U2: 06441-5290120 | V2: Tel:
A3: Gewerk: | C3: Bodenbelag | F3: Angebot v.: | G3: 44698 | H3: Angebot v.: | I3: 44704 | J3: Angebot v.: | K3: 44705 | L3: Angebot v.: | M3: 44699 | N3: Angebot v.: | O3: 44704 | P3: Angebot v.: | Q3: 44699 | R3: Angebot v.: | S3: 44702 | T3: Angebot v.: | U3: 44702 | V3: Angebot v.:
F4: CR Auskunft: | H4: CR Auskunft: | J4: CR Auskunft: | L4: CR Auskunft: | N4: CR Auskunft: | P4: CR Auskunft: | R4: CR Auskunft: | T4: CR Auskunft: | V4: CR Auskunft:
F5: vom: | G5: Index | H5: vom: | I5: Index | J5: vom: | K5: Index | L5: vom: | M5: Index | N5: vom: | O5: Index | P5: vom: | Q5: Index | R5: vom: | S5: Index | T5: vom: | U5: Index | V5: vom: | W5: Index
F6: 44644 | G6: 207 | H6: 44715 | I6: 244 | J6: 44713 | K6: 195 | L6: 44638 | M6: 188 | N6: 44663 | O6: 228
F7: AK | G7: Umsatz | H7: AK | I7: Umsatz | J7: AK | K7: Umsatz | L7: AK | M7: Umsatz | N7: AK | O7: Umsatz | P7: AK | Q7: Umsatz | R7: AK | S7: Umsatz | T7: AK | U7: Umsatz | V7: AK | W7: Umsatz
F8: 13 | G8: ? | H8: 6 | I8: ? | J8: 9 | K8: 3.5 Mio | L8: 204 | M8: 66 Mio | N8: 60 | O8: 6.641 Mio
A9: Pos. | B9: Kurz-Info | C9: Beschreibung | D9: Menge | E9: EH | F9: EP | G9: GP | H9: EP | I9: GP | J9: EP | K9: GP | L9: EP | M9: GP | N9: EP | O9: GP | P9: EP | Q9: GP | R9: EP | S9: GP | T9: EP | U9: GP | V9: EP | W9: GP
F10: Siehe Angebot! | J10: Siehe Angebot! | L10: Siehe Angebot! | N10: Siehe Angebot!
A11: 01.01. | C11: Bodenbelagsarbeiten Bauteil A
A12: 01.01.01.010 | C12: Untergrund vorbereiten, grundieren, Ausgleichsmasse, Hohlraumboden | D12: 5742 | E12: m² | F12: 2.8 | G12: =$D12*F12 -> 16077.6 | H12: 2.85 | I12: =$D12*H12 -> 16364.7 | J12: 2.44 | K12: =$D12*J12 -> 14010.48 | L12: 5.65 | M12: =$D12*L12 -> 32442.3 | N12: 5.1 | O12: =$D12*N12 -> 29284.2 | P12: 5.5 | Q12: =$D12*P12 -> 31581 | R12: 4.87 | S12: =$D12*R12 -> 27963.54 | T12: 6 | U12: =$D12*T12 -> 34452 | V12: 0 | W12: =$D12*V12 -> 0
A13: 01.01.01.020 | C13: Textilbelag, Fliesen, Schlinge, getuftet, synthetisch, 50x50cm, Dolomite | D13: 4430 | E13: m² | F13: 35.75 | G13: =$D13*F13 -> 158372.5 | H13: 34.84 | I13: =$D13*H13 -> 154341.2 | J13: 37.33 | K13: =$D13*J13 -> 165371.9 | L13: 36 | M13: =$D13*L13 -> 159480 | N13: 38.4 | O13: =$D13*N13 -> 170112 | P13: 36.8 | Q13: =$D13*P13 -> 163024 | R13: 37.34 | S13: =$D13*R13 -> 165416.2 | T13: 38 | U13: =$D13*T13 -> 168340 | V13: 0 | W13: =$D13*V13 -> 0
A14: 01.01.01.030 | C14: Textilbelag, Fliesen, Schlinge, getuftet, synthetisch, 50x50cm, Touch & Tones 102 | D14: 1313 | E14: m² | F14: 48.1 | G14: =$D14*F14 -> 63155.3 | H14: 46.75 | I14: =$D14*H14 -> 61382.75 | J14: 49.95 | K14: =$D14*J14 -> 65584.35 | L14: 49.55 | M14: =$D14*L14 -> 65059.15 | N14: 52.7 | O14: =$D14*N14 -> 69195.1 | P14: 47.5 | Q14: =$D14*P14 -> 62367.5 | R14: 49.59 | S14: =$D14*R14 -> 65111.67 | T14: 50 | U14: =$D14*T14 -> 65650 | V14: 0 | W14: =$D14*V14 -> 0
A15: 01.01.01.040 | B15: Bo,XA | C15: Zulage, Akustikrücken, T&T II 101 ReCushionbac | D15: 1 | E15: m² | F15: 5.1 | G15: NEP | H15: 4.25 | I15: NEP | J15: 44.44 | K15: NEP | L15: 5.05 | M15: NEP | N15: 5.3 | O15: NEP | P15: 8.5 | Q15: NEP | R15: 6.5 | S15: NEP | T15: 10 | U15: NEP | V15: 0 | W15: NEP
A16: 01.01.01.050 | B16: Bo,XA | C16: Zulage, Akustikrücken, T&T II 102 ReCushionbac | D16: 1 | E16: m² | F16: 5.1 | G16: NEP | H16: 4.25 | I16: NEP | J16: 53 | K16: NEP | L16: 5.05 | M16: NEP | N16: 5.3 | O16: NEP | P16: 11.5 | Q16: NEP | R16: 6.5 | S16: NEP | T16: 10 | U16: NEP | V16: 0 | W16: NEP
A17: 01.01.01.060 | B17: Bo,XA | C17: Aussparung, Bodentanks im Teppich-Belag, b=250mm | D17: 385 | E17: St | F17: 5.65 | G17: NEP | H17: 5.35 | I17: NEP | J17: 4 | K17: NEP | L17: 1.25 | M17: NEP | N17: 5.8 | O17: NEP | P17: 5 | Q17: NEP | R17: 4.42 | S17: NEP | T17: 10 | U17: NEP | V17: 0 | W17: NEP
A18: 01.01.01.070 | B18: Bo,XA | C18: Aussparung Revisionsöffnung, 600/600 mm, mit Teppich belegen | D18: 1 | E18: St | F18: 12.4 | G18: NEP | H18: 4.5 | I18: NEP | J18: 4 | K18: NEP | L18: 1.85 | M18: NEP | N18: nicht notwendig | O18: NEP | P18: 8.5 | Q18: NEP | R18: 9.66 | S18: NEP | T18: 30 | U18: NEP | V18: 0 | W18: NEP
A19: 01.01.01.080 | C19: Sockelleiste, Textilbelag, gekettelt, h=50 mm, geklebt, | D19: 3923 | E19: m | H19: 5.9 | I19: =$D19*H19 -> 23145.7 | N19: 5.5 | O19: =$D19*N19 -> 21576.5 | P19: 5.5 | Q19: =$D19*P19 -> 21576.5 | R19: 6.57 | S19: =$D19*R19 -> 25774.11 | T19: 10 | U19: =$D19*T19 -> 39230 | V19: 0 | W19: =$D19*V19 -> 0
C20: Sockelleiste, Textilbelag, gekettelt, h=50 mm, geklebt, zu Fabr. Dolomite | D20: 3923 | E20: m | F20: 4.85 | G20: =$D20*F20 -> 19026.55 | J20: 5.2 | K20: =$D20*J20 -> 20399.6 | L20: 5.2 | M20: =$D20*L20 -> 20399.6
C21: Sockelleiste, Textilbelag, gekettelt, h=50 mm, geklebt zu Fabr. touch&tones | D21: 3923 | E21: m | F21: 5.7 | G21: NEP | J21: 6.8 | K21: NEP
A22: 01.01.01.090 | B22: Bo,XA | C22: Sockelleiste, Textilbelag, gekettelt, h=70 mm, geklebt | D22: 1 | E22: m | H22: 6.9 | I22: NEP | J22: k. Angebot | K22: NEP | N22: 6.75 | O22: NEP | P22: 7.5 | Q22: NEP | R22: 7.1 | S22: NEP | T22: 12 | U22: NEP | V22: 0 | W22: NEP
C23: Sockelleiste, Textilbelag, gekettelt, h=70 mm, geklebt, zu Fabr. Dolomite | D23: 1 | E23: m | F23: 6 | G23: NEP | L23: 5.95 | M23: NEP
C24: Sockelleiste, Textilbelag, gekettelt, h=70 mm, geklebt zu Fabr. touch&tones | D24: 1 | E24: m | F24: 7.1 | G24: NEP
A25: 01.01.01.100 | B25: Bo,XA | C25: Übergangsprofil für Belag, Aluminium eloxiert, b=30 mm | D25: 1 | E25: m | F25: 13.8 | G25: NEP | H25: 14.9 | I25: NEP | J25: 24 | K25: NEP | L25: 7.25 | M25: NEP | N25: 13.15 | O25: NEP | P25: 15.5 | Q25: NEP | R25: 11.5 | S25: NEP | T25: 18 | U25: NEP | V25: 0 | W25: NEP
A26: 01.01.01.110 | B26: Bo,XA | C26: Übergangsprofil für Belag, Messing, b=30mm | D26: 1 | E26: m | F26: 16.7 | G26: NEP | H26: 19.9 | I26: NEP | J26: k. Angebot | K26: NEP | L26: 13.95 | M26: NEP | N26: 18.95 | O26: NEP | P26: 15.5 | Q26: NEP | R26: 12.75 | S26: NEP | T26: 18 | U26: NEP | V26: 0 | W26: NEP
A27: 01.01.01. | C27: Teppichboden | G27: =SUM(G12:G26) -> 256631.95 | I27: =SUM(I12:I26) -> 255234.35 | K27: =SUM(K12:K26) -> 265366.33 | M27: =SUM(M12:M26) -> 277381.05 | O27: =SUM(O12:O26) -> 290167.8 | Q27: =SUM(Q12:Q26) -> 278549 | S27: =SUM(S12:S26) -> 284265.52 | U27: =SUM(U12:U26) -> 307672 | W27: =SUM(W12:W26) -> 0
A29: 01.01.02.010 | C29: Untergrund vorbereiten, grundieren, Ausgleichsmasse, Hohlraumboden | D29: 1885 | E29: m² | F29: 3.6 | G29: =$D29*F29 -> 6786 | H29: 7.75 | I29: =$D29*H29 -> 14608.75 | J29: 6.8 | K29: =$D29*J29 -> 12818 | L29: 5.65 | M29: =$D29*L29 -> 10650.25 | N29: 5.1 | O29: =$D29*N29 -> 9613.5 | P29: 6.5 | Q29: =$D29*P29 -> 12252.5 | R29: 5.27 | S29: =$D29*R29 -> 9933.95 | T29: 6 | U29: =$D29*T29 -> 11310 | V29: 0 | W29: =$D29*V29 -> 0
A30: 01.01.02.020 | C30: Fußbodenbelag, Vinyl, elastisch, d=4,5 mm, 50x50 cm, | D30: 1885 | E30: m² | F30: 38.15 | G30: =$D30*F30 -> 71912.75 | H30: 37.69 | I30: =$D30*H30 -> 71045.65 | J30: 37 | K30: =$D30*J30 -> 69745 | L30: 41.45 | M30: =$D30*L30 -> 78133.25 | N30: 40.15 | O30: =$D30*N30 -> 75682.75 | P30: 38.8 | Q30: =$D30*P30 -> 73138 | R30: 40.33 | S30: =$D30*R30 -> 76022.05 | T30: 41 | U30: =$D30*T30 -> 77285 | V30: 0 | W30: =$D30*V30 -> 0
A31: 01.01.02.030 | C31: Sockelleiste, PVC-weich, 50 mm | D31: 1351 | E31: m | F31: 3.45 | G31: =$D31*F31 -> 4660.95 | H31: 4.9 | I31: =$D31*H31 -> 6619.9 | J31: 5.6 | K31: =$D31*J31 -> 7565.6 | L31: 6.75 | M31: =$D31*L31 -> 9119.25 | N31: 4.8 | O31: =$D31*N31 -> 6484.8 | P31: 4.5 | Q31: =$D31*P31 -> 6079.5 | R31: 5 | S31: =$D31*R31 -> 6755 | T31: 7 | U31: =$D31*T31 -> 9457 | V31: 0 | W31: =$D31*V31 -> 0
A32: 01.01.02.040 | B32: Bo,XA | C32: Sockelleiste, Vinyl, Holzfaserkern, 50mm | D32: 1 | E32: m | F32: 3.85 | G32: NEP | H32: 5.9 | I32: NEP | J32: k. Angebot | K32: NEP | L32: 5.3 | M32: NEP | N32: 6.4 | O32: NEP | P32: 8.5 | Q32: NEP | R32: 7.45 | S32: NEP | T32: 10 | U32: NEP | V32: 0 | W32: NEP
A33: 01.01.02.050 | B33: Bo,XA | C33: Sockelleiste, Vinyl, auf MDF, 50 mm | D33: 1 | E33: m | F33: k. Angebot | G33: NEP | H33: 8.9 | I33: NEP | J33: k. Angebot | K33: NEP | L33: 9.5 | M33: NEP | N33: 7.95 | O33: NEP | P33: 8.5 | Q33: NEP | R33: 7.2 | S33: NEP | T33: 12.5 | U33: NEP | V33: 0 | W33: NEP
A34: 01.01.02.060 | C34: Erstpflege Vinyl-Bodenbelag und Sockelleisten | D34: 1885 | E34: m² | F34: 1.7 | G34: =$D34*F34 -> 3204.5 | H34: 3.9 | I34: =$D34*H34 -> 7351.5 | J34: k. Angebot | L34: 1.5 | M34: =$D34*L34 -> 2827.5 | N34: 2.05 | O34: =$D34*N34 -> 3864.25 | P34: 4.5 | Q34: =$D34*P34 -> 8482.5 | R34: 2.66 | S34: =$D34*R34 -> 5014.1 | T34: 3.8 | U34: =$D34*T34 -> 7163 | V34: 0 | W34: =$D34*V34 -> 0
A35: 01.01.02.070 | B35: Bo,XA | C35: Übergangsprofil, unter Türen | D35: 1 | E35: m | F35: 24.8 | G35: NEP | H35: 20.9 | I35: NEP | J35: 29 | K35: NEP | L35: 13.9 | M35: NEP | N35: 13.15 | O35: NEP | P35: 15.5 | Q35: NEP | R35: 11.5 | S35: NEP | T35: 18 | U35: NEP | V35: 0 | W35: NEP
A36: 01.01.02.080 | B36: Bo,XA | C36: Untergrund ausgleichen, 3-5mm, Übergangsbereich Vinylboden/Teppichboden | D36: 1 | E36: m² | F36: k. Angebot | G36: NEP | H36: 6.9 | I36: NEP | J36: 6.8 | K36: NEP | L36: 14.45 | M36: NEP | N36: 18.2 | O36: NEP | P36: 6.5 | Q36: NEP | R36: 7.65 | S36: NEP | T36: 18 | U36: NEP | V36: 0 | W36: NEP
A37: 01.01.02.090 | B37: Bo,XA | C37: Zulage, elastische Dämmunterlage, Höhenausgleich, d=3mm | D37: 1 | E37: m² | F37: 16.8 | G37: NEP | H37: 19.9 | I37: NEP | J37: k. Angebot | K37: NEP | L37: 19.75 | M37: NEP | N37: k. Angebot | O37: NEP | P37: 22.5 | Q37: NEP | R37: 17.04 | S37: NEP | T37: 25 | U37: NEP | V37: 0 | W37: NEP
A38: 01.01.02.100 | B38: Bo,XA | C38: Zulage, elastische Dämmunterlage, Höhenausgleich, d=4mm | D38: 1 | E38: m² | F38: k. Angebot | G38: NEP | H38: 21.9 | I38: NEP | J38: k. Angebot | K38: NEP | L38: 23.6 | M38: NEP | N38: k. Angebot | O38: NEP | P38: 23.5 | Q38: NEP | R38: 18.36 | S38: NEP | T38: 28 | U38: NEP | V38: 0 | W38: NEP
A39: 01.01.02. | C39: Vinyl Fußbodenbelag | G39: =SUM(G29:G38) -> 86564.2 | I39: =SUM(I29:I38) -> 99625.8 | K39: =SUM(K29:K38) -> 90128.6 | M39: =SUM(M29:M38) -> 100730.25 | O39: =SUM(O29:O38) -> 95645.3 | Q39: =SUM(Q29:Q38) -> 99952.5 | S39: =SUM(S29:S38) -> 97725.1 | U39: =SUM(U29:U38) -> 105215 | W39: =SUM(W29:W38) -> 0
A41: 01.01.03.010 | C41: Untergrund vorbereiten, grundieren, Ausgleichsmasse, Estrich | D41: 55 | E41: m² | F41: 5.6 | G41: =$D41*F41 -> 308 | H41: 7.75 | I41: =$D41*H41 -> 426.25 | J41: 6.8 | K41: =$D41*J41 -> 374 | L41: 5.65 | M41: =$D41*L41 -> 310.75 | N41: 5.1 | O41: =$D41*N41 -> 280.5 | P41: 8.5 | Q41: =$D41*P41 -> 467.5 | R41: 5.69 | S41: =$D41*R41 -> 312.95 | T41: 6 | U41: =$D41*T41 -> 330 | V41: 0 | W41: =$D41*V41 -> 0
A42: 01.01.03.020 | C42: Untergrund vorbereiten, grundieren, Ausgleichsmasse, Hohlraumboden | D42: 81 | E42: m² | F42: 5.6 | G42: =$D42*F42 -> 453.6 | H42: 7.75 | I42: =$D42*H42 -> 627.75 | J42: 6.8 | K42: =$D42*J42 -> 550.8 | L42: 5.65 | M42: =$D42*L42 -> 457.65 | N42: 5.1 | O42: =$D42*N42 -> 413.1 | P42: 8.5 | Q42: =$D42*P42 -> 688.5 | R42: 5.27 | S42: =$D42*R42 -> 426.87 | T42: 6 | U42: =$D42*T42 -> 486 | V42: 0 | W42: =$D42*V42 -> 0
A43: 01.01.03.030 | C43: Untergrund vorbereiten, grundieren, Doppelboden | D43: 186 | E43: m² | F43: k. Angebot | H43: 1.95 | I43: =$D43*H43 -> 362.7 | J43: 6.8 | K43: =$D43*J43 -> 1264.8 | L43: 1 | M43: =$D43*L43 -> 186 | N43: bauseits | P43: 2 | Q43: =$D43*P43 -> 372 | R43: 2.32 | S43: =$D43*R43 -> 431.52 | T43: 6 | U43: =$D43*T43 -> 1116 | V43: 0 | W43: =$D43*V43 -> 0
A44: 01.01.03.040 | C44: Kautschukbelag, synthetisch, Noppen, 50/50cm, 3mm | D44: 73 | E44: m² | F44: 52.85 | G44: =$D44*F44 -> 3858.05 | H44: 53.25 | I44: =$D44*H44 -> 3887.25 | J44: 67 | K44: =$D44*J44 -> 4891 | L44: 56.45 | M44: =$D44*L44 -> 4120.85 | N44: 58.5 | O44: =$D44*N44 -> 4270.5 | P44: 52.5 | Q44: =$D44*P44 -> 3832.5 | R44: 55.33 | S44: =$D44*R44 -> 4039.09 | T44: 85 | U44: =$D44*T44 -> 6205 | V44: 0 | W44: =$D44*V44 -> 0
A45: 01.01.03.050 | C45: Kautschukbelag, synthetisch, Noppen, 50/50cm, 2mm | D45: 8 | E45: m² | F45: 52.85 | G45: =$D45*F45 -> 422.8 | H45: 53.25 | I45: =$D45*H45 -> 426 | J45: 67 | K45: =$D45*J45 -> 536 | L45: 56.45 | M45: =$D45*L45 -> 451.6 | N45: 58.5 | O45: =$D45*N45 -> 468 | P45: 52.5 | Q45: =$D45*P45 -> 420 | R45: 55.33 | S45: =$D45*R45 -> 442.64 | T45: 85 | U45: =$D45*T45 -> 680 | V45: 0 | W45: =$D45*V45 -> 0
A46: 01.01.03.060 | C46: Kautschukbelag, syntethisch, Noppen, 50/50cm, 3mm, ableitfähig | D46: 186 | E46: m² | F46: 74 | G46: =$D46*F46 -> 13764 | H46: 97.42 | I46: =$D46*H46 -> 18120.12 | J46: 78 | K46: =$D46*J46 -> 14508 | L46: 63.05 | M46: =$D46*L46 -> 11727.3 | N46: bauseits | P46: 67.8 | Q46: =$D46*P46 -> 12610.8 | R46: 55.32 | S46: =$D46*R46 -> 10289.52 | T46: 85 | U46: =$D46*T46 -> 15810 | V46: 0 | W46: =$D46*V46 -> 0
A47: 01.01.03.070 | C47: Kautschukbelag, syntethisch, Noppen, 50/50cm, 5mm, ableitfähig | D47: 55 | E47: m² | F47: 74 | G47: =$D47*F47 -> 4070 | H47: 97.42 | I47: =$D47*H47 -> 5358.1 | J47: 78 | K47: =$D47*J47 -> 4290 | L47: 79.6 | M47: =$D47*L47 -> 4378 | N47: 72.4 | O47: =$D47*N47 -> 3982 | P47: 67.8 | Q47: =$D47*P47 -> 3729 | R47: 70.32 | S47: =$D47*R47 -> 3867.6 | T47: 85 | U47: =$D47*T47 -> 4675 | V47: 0 | W47: =$D47*V47 -> 0
A48: 01.01.03.080 | B48: Bo,XA | C48: Linoleum-Belag, 5 mm, ableitfähig, 50x50 cm | D48: 1 | E48: m² | F48: nicht möglich | H48: 41.75 | I48: NEP | J48: k. Angebot | K48: NEP | L48: 27.85 | M48: NEP | N48: k. Angebot | O48: NEP | P48: 45.5 | Q48: NEP | R48: 32.5 | S48: NEP | U48: NEP | V48: 0 | W48: NEP
A49: 01.01.03.090 | C49: Sockelleiste, Kautschuk, synthethisch, 50 mm | D49: 489 | E49: m | F49: 12.8 | G49: =$D49*F49 -> 6259.2 | H49: 7.9 | I49: =$D49*H49 -> 3863.1 | J49: 12.9 | K49: =$D49*J49 -> 6308.1 | L49: 11.85 | M49: =$D49*L49 -> 5794.65 | N49: 13.9 | O49: =$D49*N49 -> 6797.1 | P49: 9.5 | Q49: =$D49*P49 -> 4645.5 | R49: 5.75 | S49: =$D49*R49 -> 2811.75 | U49: =$D49*T49 -> 0 | V49: 0 | W49: =$D49*V49 -> 0
A50: 01.01.03. | C50: Kautschuk-Bodenbelag | G50: =SUM(G41:G49) -> 29135.65 | I50: =SUM(I41:I49) -> 33071.27 | K50: =SUM(K41:K49) -> 32722.7 | M50: =SUM(M41:M49) -> 27426.8 | O50: =SUM(O41:O49) -> 16211.2 | Q50: =SUM(Q41:Q49) -> 26765.8 | S50: =SUM(S41:S49) -> 22621.94 | U50: =SUM(U41:U49) -> 29302 | W50: =SUM(W41:W49) -> 0
A52: 01.01.04.010 | B52: Bo,XA | C52: Trennschiene, Aluminium, h=5mm | D52: 1 | E52: m | F52: 12.8 | G52: NEP | H52: 16.9 | I52: NEP | J52: 24 | K52: NEP | L52: 8.85 | M52: NEP | N52: 14.35 | O52: NEP | P52: 12.5 | Q52: NEP | R52: 9.75 | S52: NEP | T52: 18 | U52: NEP | V52: 0 | W52: NEP
A53: 01.01.04.020 | B53: Bo,XA | C53: Risse/Arbeitsfugen schließen, Estrich | D53: 1 | E53: m | F53: 7.95 | G53: NEP | H53: 9.9 | I53: NEP | J53: 9 | K53: NEP | L53: 7.9 | M53: NEP | N53: 9 | O53: NEP | P53: 8.5 | Q53: NEP | R53: 6.85 | S53: NEP | T53: 10 | U53: NEP | V53: 0 | W53: NEP
A54: 01.01.04.030 | B54: Bo,XA | C54: Risse/Arbeitsfugen schließen, Estrich, Verdübelung | D54: 1 | E54: m | F54: 7.95 | G54: NEP | H54: 9.9 | I54: NEP | J54: 12 | K54: NEP | L54: 7.9 | M54: NEP | N54: 9 | O54: NEP | P54: 8.5 | Q54: NEP | R54: 7.1 | S54: NEP | T54: 10 | U54: NEP | V54: 0 | W54: NEP
A55: 01.01.04.040 | B55: Bo,XA | C55: Feuchtigkeitsmessung | D55: 1 | E55: St | F55: 12.8 | G55: NEP | H55: 42.5 | I55: NEP | J55: 30 | K55: NEP | L55: 18.15 | M55: NEP | N55: 35 | O55: NEP | P55: 50 | Q55: NEP | R55: 50 | S55: NEP | T55: 75 | U55: NEP | V55: 0 | W55: NEP
A56: 01.01.04.050 | B56: Bo,XA | C56: Absperren Restfeuchte | D56: 1 | E56: m² | F56: 14.15 | G56: NEP | H56: 8.9 | I56: NEP | J56: k. Angebot | K56: NEP | L56: 13.95 | M56: NEP | N56: 18.2 | O56: NEP | P56: 14.5 | Q56: NEP | R56: 12.75 | S56: NEP | T56: 15 | U56: NEP | V56: 0 | W56: NEP
A57: 01.01.04.060 | B57: Bo,XA | C57: Schutzabdeckung Bodenbelag | D57: 1 | E57: m² | F57: 2.35 | G57: NEP | H57: 4.9 | I57: NEP | J57: 2.7 | K57: NEP | L57: 3.05 | M57: NEP | N57: 2.2 | O57: NEP | P57: 2.6 | Q57: NEP | R57: 1.75 | S57: NEP | T57: 7.5 | U57: NEP | V57: 0 | W57: NEP
A58: 01.01.04. | C58: Sonstiges | G58: =SUM(G52:G57) -> 0 | I58: =$D58*H58 -> 0 | K58: =SUM(K52:K57) -> 0 | M58: =SUM(M52:M57) -> 0 | O58: =SUM(O52:O57) -> 0 | Q58: =SUM(Q52:Q57) -> 0 | S58: =SUM(S52:S57) -> 0 | U58: =SUM(U52:U57) -> 0 | W58: =SUM(W52:W57) -> 0
A60: 01.02. | C60: Bodenbelagsarbeiten Bauteil B
A61: 01.02.01.010 | C61: Untergrund vorbereiten, grundieren, Ausgleichsmasse, Hohlraumboden | D61: 10545 | E61: m² | F61: 2.8 | G61: =$D61*F61 -> 29526 | H61: 2.85 | I61: =$D61*H61 -> 30053.25 | J61: 2.44 | K61: =$D61*J61 -> 25729.8 | L61: 5.65 | M61: =$D61*L61 -> 59579.25 | N61: 5.1 | O61: =$D61*N61 -> 53779.5 | P61: 5.5 | Q61: =$D61*P61 -> 57997.5 | R61: 4.87 | S61: =$D61*R61 -> 51354.15 | T61: 7 | U61: =$D61*T61 -> 73815 | V61: 0 | W61: =$D61*V61 -> 0
A62: 01.02.01.020 | C62: Textilbelag, Fliesen, Schlinge, getuftet, synthetisch, 50x50cm, Dolomite | D62: 10545 | E62: m² | F62: 35.75 | G62: =$D62*F62 -> 376983.75 | H62: 34.84 | I62: =$D62*H62 -> 367387.8 | J62: 37.33 | K62: =$D62*J62 -> 393644.85 | L62: 36 | M62: =$D62*L62 -> 379620 | N62: 38.4 | O62: =$D62*N62 -> 404928 | P62: 36.5 | Q62: =$D62*P62 -> 384892.5 | R62: 37.34 | S62: =$D62*R62 -> 393750.3 | T62: 38 | U62: =$D62*T62 -> 400710 | V62: 0 | W62: =$D62*V62 -> 0
A63: 01.02.01.030 | B63: Bo,XA | C63: Textilbelag, Fliesen, Schlinge, getuftet, synthetisch, 50x50cm, Touch & Tones 102 | D63: 1 | E63: m² | F63: 48.1 | G63: NEP | H63: 46.75 | I63: NEP | J63: 52 | K63: NEP | L63: 49.55 | M63: NEP | N63: 52.7 | O63: NEP | P63: 8.5 | Q63: NEP | R63: 49.59 | S63: NEP | T63: 50 | U63: NEP | V63: 0 | W63: NEP
A64: 01.02.01.040 | B64: Bo,XA | C64: Zulage, Akustikrücken, T&T II 101 ReCushionbac | D64: 1 | E64: m² | F64: 5.1 | G64: NEP | H64: 4.25 | I64: NEP | J64: 44.44 | K64: NEP | L64: 5.05 | M64: NEP | N64: 5.3 | O64: NEP | P64: 8.5 | Q64: NEP | R64: 6.5 | S64: NEP | T64: 10 | U64: NEP | V64: 0 | W64: NEP
A65: 01.02.01.050 | B65: Bo,XA | C65: Zulage, Akustikrücken, T&T II 102 ReCushionbac | D65: 1 | E65: m² | F65: 5.1 | G65: NEP | H65: 4.25 | I65: NEP | J65: 55 | K65: NEP | L65: 5.05 | M65: NEP | N65: 5.3 | O65: NEP | P65: 8.5 | Q65: NEP | R65: 6.5 | S65: NEP | T65: 10 | U65: NEP | V65: 0 | W65: NEP
A66: 01.02.01.060 | C66: Aussparung, Bodentanks im Teppich-Belag, b=250mm | D66: 700 | E66: St | F66: 5.65 | G66: =$D66*F66 -> 3955 | H66: 5.35 | I66: =$D66*H66 -> 3745 | J66: 4 | K66: =$D66*J66 -> 2800 | L66: 1.25 | M66: =$D66*L66 -> 875 | N66: 5.8 | O66: =$D66*N66 -> 4060 | P66: 5 | Q66: =$D66*P66 -> 3500 | R66: 4.42 | S66: =$D66*R66 -> 3094 | T66: 5 | U66: =$D66*T66 -> 3500 | V66: 0 | W66: =$D66*V66 -> 0
A67: 01.02.01.070 | B67: Bo,XA | C67: Aussparung Revisionsöffnung, 600/600 mm, mit Teppich belegen | D67: 1 | E67: St | F67: 12.4 | G67: NEP | H67: 4.5 | I67: NEP | J67: 4 | K67: NEP | L67: 1.85 | M67: NEP | N67: nicht notwendig | O67: NEP | P67: 8.5 | Q67: NEP | R67: 9.66 | S67: NEP | T67: 50 | U67: NEP | V67: 0 | W67: NEP
A68: 01.02.01.080 | C68: Sockelleiste, Textilbelag, gekettelt, h=50 mm, geklebt | D68: 3775 | E68: m | H68: 5.9 | I68: =$D68*H68 -> 22272.5 | N68: 5.5 | O68: =$D68*N68 -> 20762.5 | P68: 5.5 | Q68: =$D68*P68 -> 20762.5 | R68: 6.57 | S68: =$D68*R68 -> 24801.75 | T68: 10 | U68: =$D68*T68 -> 37750 | V68: 0 | W68: =$D68*V68 -> 0
C69: Sockelleiste, Textilbelag, gekettelt, h=50 mm, geklebt, zu Fabr. Dolomite | D69: 3775 | E69: m | F69: 4.85 | G69: =$D69*F69 -> 18308.75 | J69: 5.2 | K69: =$D69*J69 -> 19630 | L69: 5.2 | M69: =$D69*L69 -> 19630
C70: Sockelleiste, Textilbelag, gekettelt, h=50 mm, geklebt zu Fabr. touch&tones | D70: 3775 | E70: m | F70: 5.7 | G70: NEP | J70: 6.8 | K70: NEP
A71: 01.02.01.090 | B71: Bo,XA | C71: Sockelleiste, Textilbelag, gekettelt, h=70 mm, geklebt | D71: 1 | E71: m | H71: 6.9 | I71: NEP | J71: k. Angebot | K71: NEP | N71: 6.75 | O71: NEP | P71: 5.5 | Q71: NEP | R71: 7.1 | S71: NEP | T71: 12 | U71: NEP | V71: 0 | W71: NEP
C72: Sockelleiste, Textilbelag, gekettelt, h=50 mm, geklebt, zu Fabr. Dolomite | D72: 1 | E72: m | F72: 6 | G72: NEP | L72: 5.95 | M72: NEP
C73: Sockelleiste, Textilbelag, gekettelt, h=50 mm, geklebt zu Fabr. touch&tones | D73: 1 | E73: m | F73: 7.1 | G73: NEP
A74: 01.02.01.100 | B74: Bo,XA | C74: Übergangsprofil für Belag, Aluminium eloxiert, b=30 mm | D74: 1 | E74: m | F74: 13.8 | G74: NEP | H74: 14.9 | I74: NEP | J74: 24 | K74: NEP | L74: 7.25 | M74: NEP | N74: 13.15 | O74: NEP | P74: 15.5 | Q74: NEP | R74: 11.5 | S74: NEP | T74: 18 | U74: NEP | V74: 0 | W74: NEP
A75: 01.02.01.110 | B75: Bo,XA | C75: Übergangsprofil für Belag, Messing, b=30mm | D75: 1 | E75: m | F75: 16.7 | G75: NEP | H75: 19.9 | I75: NEP | J75: k. Angebot | K75: NEP | L75: 13.95 | M75: NEP | N75: 18.95 | O75: NEP | P75: 15.5 | Q75: NEP | R75: 12.75 | S75: NEP | T75: 18 | U75: NEP | V75: 0 | W75: NEP
A76: 01.02.01. | C76: Teppichboden | G76: =SUM(G52:G75) -> 428773.5 | I76: =SUM(I52:I75) -> 423458.55 | K76: =SUM(K52:K75) -> 441804.65 | M76: =SUM(M52:M75) -> 459704.25 | O76: =SUM(O52:O75) -> 483530 | Q76: =SUM(Q52:Q75) -> 467152.5 | S76: =SUM(S52:S75) -> 473000.2 | U76: =SUM(U52:U75) -> 515775 | W76: =SUM(W52:W75) -> 0
A78: 01.02.02.010 | C78: Kautschukbelag, synthetisch, 50/50cm, 3mm, R10, Teeküchen | D78: 400 | E78: m² | F78: 52.85 | G78: =$D78*F78 -> 21140 | H78: 53.25 | I78: =$D78*H78 -> 21300 | J78: 67 | K78: =$D78*J78 -> 26800 | L78: 56.45 | M78: =$D78*L78 -> 22580 | N78: 58.5 | O78: =$D78*N78 -> 23400 | P78: 52.5 | Q78: =$D78*P78 -> 21000 | R78: 55.33 | S78: =$D78*R78 -> 22132 | T78: 85 | U78: =$D78*T78 -> 34000 | V78: 0 | W78: =$D78*V78 -> 0
A79: 01.02.02.020 | C79: Kautschukbelag, syntethisch, Noppen, 50/50cm, 3mm, ableitfähig | D79: 293 | E79: m² | F79: 74 | G79: =$D79*F79 -> 21682 | H79: 97.42 | I79: =$D79*H79 -> 28544.06 | J79: 78 | K79: =$D79*J79 -> 22854 | L79: 63.05 | M79: =$D79*L79 -> 18473.65 | N79: bauseits | P79: 67.8 | Q79: =$D79*P79 -> 19865.4 | R79: 70.32 | S79: =$D79*R79 -> 20603.76 | T79: 85 | U79: =$D79*T79 -> 24905 | V79: 0 | W79: =$D79*V79 -> 0
A80: 01.02.02.030 | C80: Sockelleiste, Vinyl, auf MDF, 50 mm | D80: 390 | E80: m | F80: 11.7 | G80: =$D80*F80 -> 4563 | H80: 8.9 | I80: =$D80*H80 -> 3471 | J80: 6.4 | K80: =$D80*J80 -> 2496 | L80: 8.55 | M80: =$D80*L80 -> 3334.5 | N80: 7.95 | O80: =$D80*N80 -> 3100.5 | P80: 8.5 | Q80: =$D80*P80 -> 3315 | R80: 7.2 | S80: =$D80*R80 -> 2808 | T80: 10 | U80: =$D80*T80 -> 3900 | V80: 0 | W80: =$D80*V80 -> 0
A81: 01.02.02.040 | C81: Sockelleiste, Kautschuk, synthethisch, 50 mm | D81: 362 | E81: m | F81: 12.8 | G81: =$D81*F81 -> 4633.6 | H81: 7.9 | I81: =$D81*H81 -> 2859.8 | J81: 12.9 | K81: =$D81*J81 -> 4669.8 | L81: 11.85 | M81: =$D81*L81 -> 4289.7 | N81: 13.9 | O81: =$D81*N81 -> 5031.8 | P81: 9.5 | Q81: =$D81*P81 -> 3439 | R81: 5.75 | S81: =$D81*R81 -> 2081.5 | T81: 12 | U81: =$D81*T81 -> 4344 | V81: 0 | W81: =$D81*V81 -> 0
A82: 01.02.02. | C82: Kautschuk-Bodenbelag | G82: =SUM(G78:G81) -> 52018.6 | I82: =SUM(I78:I81) -> 56174.86 | K82: =SUM(K78:K81) -> 56819.8 | M82: =SUM(M78:M81) -> 48677.85 | O82: =SUM(O78:O81) -> 31532.3 | Q82: =SUM(Q78:Q81) -> 47619.4 | S82: =SUM(S78:S81) -> 47625.26 | U82: =SUM(U78:U81) -> 67149 | W82: =SUM(W78:W81) -> 0
A84: 01.02.03.010 | B84: Bo,XA | C84: Trennschiene, Aluminium, h=5mm | D84: 1 | E84: m | F84: 12.8 | G84: NEP | H84: 16.9 | I84: NEP | J84: 24 | K84: NEP | L84: 8.85 | M84: NEP | N84: 14.35 | O84: NEP | P84: 12.5 | Q84: NEP | R84: 9.75 | S84: NEP | T84: 18 | U84: NEP | V84: 0 | W84: NEP
A85: 01.02.03.020 | B85: Bo,XA | C85: Risse/Arbeitsfugen schließen, Estrich | D85: 1 | E85: m | F85: 7.95 | G85: NEP | H85: 9.9 | I85: NEP | J85: 9 | K85: NEP | L85: 7.9 | M85: NEP | N85: 9 | O85: NEP | P85: 8.5 | Q85: NEP | R85: 6.85 | S85: NEP | T85: 10 | U85: NEP | V85: 0 | W85: NEP
A86: 01.02.03.030 | B86: Bo,XA | C86: Risse/Arbeitsfugen schließen, Estrich, Verdübelung | D86: 1 | E86: m | F86: 7.95 | G86: NEP | H86: 9.9 | I86: NEP | J86: 12 | K86: NEP | L86: 7.9 | M86: NEP | N86: 9 | O86: NEP | P86: 8.5 | Q86: NEP | R86: 7.1 | S86: NEP | T86: 10 | U86: NEP | V86: 0 | W86: NEP
A87: 01.02.03.040 | B87: Bo,XA | C87: Feuchtigkeitsmessung | D87: 1 | E87: St | F87: 12.8 | G87: NEP | H87: 42.5 | I87: NEP | J87: 30 | K87: NEP | L87: 18.15 | M87: NEP | N87: 35 | O87: NEP | P87: 50 | Q87: NEP | R87: 50 | S87: NEP | T87: 55 | U87: NEP | V87: 0 | W87: NEP
A88: 01.02.03.050 | B88: Bo,XA | C88: Absperren Restfeuchte | D88: 1 | E88: m² | F88: 14.15 | G88: NEP | H88: 8.9 | I88: NEP | J88: k. Angebot | K88: NEP | L88: 13.95 | M88: NEP | N88: 18.2 | O88: NEP | P88: 14.5 | Q88: NEP | R88: 12.75 | S88: NEP | T88: 15 | U88: NEP | V88: 0 | W88: NEP
A89: 01.02.03.060 | B89: Bo,XA | C89: Schutzabdeckung Bodenbelag | D89: 1 | E89: m² | F89: 2.35 | G89: NEP | H89: 4.9 | I89: NEP | J89: 2.7 | K89: NEP | L89: 3.05 | M89: NEP | N89: 2.2 | O89: NEP | P89: 2.6 | Q89: NEP | R89: 1.75 | S89: NEP | T89: 6.5 | U89: NEP | V89: 0 | W89: NEP
A90: 01.02.03. | C90: Sonstiges | G90: =SUM(G84:G89) -> 0 | I90: =SUM(I84:I89) -> 0 | K90: =SUM(K84:K89) -> 0 | M90: =SUM(M84:M89) -> 0 | O90: =SUM(O84:O89) -> 0 | Q90: =SUM(Q84:Q89) -> 0 | S90: =SUM(S84:S89) -> 0 | U90: =SUM(U84:U89) -> 0 | W90: =SUM(W84:W89) -> 0
A92: 01.03.01.010 | B92: Bo,XA | C92: Stundensatz Vorarbeiter, Bodenbelagsarbeiten | D92: 1 | E92: h | F92: 48 | G92: NEP | H92: 42.5 | I92: NEP | J92: 48 | K92: NEP | L92: 45 | M92: NEP | N92: 51.5 | O92: NEP | P92: 45 | Q92: NEP | R92: 45 | S92: NEP | T92: 55 | U92: NEP | V92: 0 | W92: NEP
A93: 01.03.01.020 | B93: Bo,XA | C93: Stundensatz Fachwerker, Bodenbelagsarbeiten | D93: 1 | E93: h | F93: 48 | G93: NEP | H93: 42.5 | I93: NEP | J93: 46 | K93: NEP | L93: 42 | M93: NEP | N93: 51.5 | O93: NEP | P93: 42 | Q93: NEP | R93: 41 | S93: NEP | T93: 55 | U93: NEP | V93: 0 | W93: NEP
A94: 01.03.01.030 | B94: Bo,XA | C94: Stundensatz Helfer, Bodenbelagsarbeiten | D94: 1 | E94: h | F94: k. Angebot | G94: NEP | H94: 29.5 | I94: NEP | J94: 46 | K94: NEP | L94: 40 | M94: NEP | N94: 40 | O94: NEP | P94: 36 | Q94: NEP | R94: 33 | S94: NEP | T94: 55 | U94: NEP | V94: 0 | W94: NEP
A95: 01.03.01. | C95: Stundenlohnarbeiten | G95: =SUM(G92:G94) -> 0 | I95: =SUM(I92:I94) -> 0 | K95: =SUM(K92:K94) -> 0 | M95: =SUM(M92:M94) -> 0 | O95: =SUM(O92:O94) -> 0 | Q95: =SUM(Q92:Q94) -> 0 | S95: =SUM(S92:S94) -> 0 | U95: =SUM(U92:U94) -> 0 | W95: =SUM(W92:W94) -> 0
C97: Titelzusammenstellung
A98: =27:27 -> 01.01.01. | C98: Teppichboden | G98: =G27 -> 256631.95 | I98: =I27 -> 255234.35 | J98: 19 | K98: =K27 -> 265366.33 | M98: =M27 -> 277381.05 | O98: =O27 -> 290167.8 | Q98: =Q27 -> 278549 | S98: =S27 -> 284265.52 | U98: =U27 -> 307672 | W98: =W27 -> 0
A99: =A39 -> 01.01.02. | C99: Vinyl Fußbodenbelag | G99: =G39 -> 86564.2 | I99: =I39 -> 99625.8 | K99: =K39 -> 90128.6 | M99: =M39 -> 100730.25 | O99: =O39 -> 95645.3 | Q99: =Q39 -> 99952.5 | S99: =S39 -> 97725.1 | U99: =U39 -> 105215 | W99: =W39 -> 0
A100: =A50 -> 01.01.03. | C100: Kautschuk-Bodenbelag | G100: =G50 -> 29135.65 | I100: =I50 -> 33071.27 | J100: 0 | K100: =K50 -> 32722.7 | M100: =M50 -> 27426.8 | O100: =O50 -> 16211.2 | Q100: =Q50 -> 26765.8 | S100: =S50 -> 22621.94 | U100: =U50 -> 29302 | W100: =W50 -> 0
A101: =A76 -> 01.02.01. | C101: Teppichboden | G101: =G76 -> 428773.5 | I101: =I76 -> 423458.55 | K101: =K76 -> 441804.65 | M101: =M76 -> 459704.25 | O101: =O76 -> 483530 | Q101: =Q76 -> 467152.5 | S101: =S76 -> 473000.2 | U101: =U76 -> 515775 | W101: =W76 -> 0
A102: =A82 -> 01.02.02. | C102: Kautschuk-Bodenbelag | G102: =G82 -> 52018.6 | I102: =I82 -> 56174.86 | K102: =K82 -> 56819.8 | M102: =M82 -> 48677.85 | O102: =O82 -> 31532.3 | Q102: =Q82 -> 47619.4 | S102: =S82 -> 47625.26 | U102: =U82 -> 67149 | W102: =W82 -> 0
A103: =A90 -> 01.02.03. | C103: Sonstiges | G103: =G90 -> 0 | I103: =I90 -> 0 | K103: =K90 -> 0 | M103: =M90 -> 0 | O103: =O90 -> 0 | Q103: =Q90 -> 0 | S103: =S90 -> 0 | U103: =U90 -> 0 | W103: =W90 -> 0
A104: =A95 -> 01.03.01. | C104: Stundenlohnarbeiten | G104: =G95 -> 0 | I104: =I95 -> 0 | K104: =K95 -> 0 | M104: =M95 -> 0 | O104: =O95 -> 0 | Q104: =Q95 -> 0 | S104: =S95 -> 0 | U104: =U95 -> 0 | W104: =W95 -> 0
A106: 460 | C106: Nettosumme [€] | G106: =SUM(G27,G39,G50,G76,G82,G90,G95) -> 853123.9 | I106: =SUM(I27,I39,I50,I76,I82,I90,I95) -> 867564.83 | K106: =SUM(K27,K39,K50,K76,K82,K90,K95) -> 886842.08 | M106: =SUM(M27,M39,M50,M76,M82,M90,M95) -> 913920.2 | O106: =SUM(O27,O39,O50,O76,O82,O90,O95) -> 917086.6 | Q106: =SUM(Q27,Q39,Q50,Q76,Q82,Q90,Q95) -> 920039.2 | S106: =SUM(S27,S39,S50,S76,S82,S90,S95) -> 925238.02 | U106: =SUM(U27,U39,U50,U76,U82,U90,U95) -> 1025113 | W106: =SUM(W27,W39,W50,W76,W82,W90,W95) -> 0
A107: 460 | C107: Nachlass | F107: 0 | G107: =-F107*G106 -> 0 | H107: 0 | I107: =-H107*I106 -> 0 | J107: 0 | K107: =-J107*K106 -> 0 | L107: 0 | M107: =-L107*M106 -> 0 | N107: 0 | O107: =-N107*O106 -> 0 | P107: 0 | Q107: =-P107*Q106 -> 0 | R107: 0 | S107: =-R107*S106 -> 0 | T107: 0 | U107: =-T107*U106 -> 0 | V107: 0 | W107: =-V107*W106 -> 0
A108: 460 | C108: Gesamtsumme netto [€] | G108: =G106-G107 -> 853123.9 | I108: =I106-I107 -> 867564.83 | K108: =K106-K107 -> 886842.08 | M108: =M106-M107 -> 913920.2 | O108: =O106-O107 -> 917086.6 | Q108: =Q106-Q107 -> 920039.2 | S108: =S106-S107 -> 925238.02 | U108: =U106-U107 -> 1025113 | W108: =W106-W107 -> 0
C109: Nidda, den
...

Sheet Tabelle2
A1: Bauvorhaben: | C1: 20006551 Offenbach, LEIQ | F1: Bieter: | G1: Sybotec | H1: Bieter: | I1: FBZ | J1: Bieter: | K1: Wellhöfer | L1: Bieter: | M1: Böhmler | N1: Bieter: | O1: Straehuber
F2: Tel: | G2: 09355-9705840 | H2: Tel: | I2: 069-782964 | J2: Tel: | K2: 069-95094880 | L2: Tel: | M2: 069-366012172 | N2: Tel: | O2: 06171-6941210
A3: Gewerk: | C3: Bodenbelag | F3: Angebot v.: | G3: 44698 | H3: Angebot v.: | I3: 44704 | J3: Angebot v.: | K3: 44705 | L3: Angebot v.: | M3: 44699 | N3: Angebot v.: | O3: 44704
F4: CR Auskunft: | H4: CR Auskunft: | J4: CR Auskunft: | L4: CR Auskunft: | N4: CR Auskunft:
F5: vom: | G5: Index | H5: vom: | I5: Index | J5: vom: | K5: Index | L5: vom: | M5: Index | N5: vom: | O5: Index
F6: 44644 | G6: 207 | H6: 44715 | I6: 244 | J6: 44713 | K6: 195 | L6: 44638 | M6: 188 | N6: 44663 | O6: 228
F7: AK | G7: Umsatz | H7: AK | I7: Umsatz | J7: AK | K7: Umsatz | L7: AK | M7: Umsatz | N7: AK | O7: Umsatz
F8: 13 | G8: ? | H8: 6 | I8: ? | J8: 9 | K8: 3.5 Mio | L8: 204 | M8: 66 Mio | N8: 60 | O8: 6.641 Mio
A9: Pos. | B9: Kurz-Info | C9: Beschreibung | D9: Menge | E9: EH | F9: EP | G9: GP | H9: EP | I9: GP | J9: EP | K9: GP | L9: EP | M9: GP | N9: EP | O9: GP
J10: Siehe Angebot! | L10: Siehe Angebot!
A11: 01.01. | C11: Bodenbelagsarbeiten Bauteil A
A12: 01.01.01.010 | C12: Untergrund vorbereiten, grundieren, Ausgleichsmasse, Hohlraumboden | D12: 5742 | E12: m² | F12: =Tabelle1!F12 -> 2.8 | G12: =$D12*F12 -> 16077.6 | H12: =Tabelle1!H12 -> 2.85 | I12: =$D12*H12 -> 16364.7 | J12: 2.44 | K12: =$D12*J12 -> 14010.48 | L12: 5.65 | M12: =$D12*L12 -> 32442.3 | N12: 1.7 | O12: =$D12*N12 -> 9761.4
A13: 01.01.01.020 | C13: Textilbelag, Fliesen, Schlinge, getuftet, synthetisch, 50x50cm, Dolomite | D13: 4430 | E13: m² | F13: =Tabelle1!F13 -> 35.75 | G13: =$D13*F13 -> 158372.5 | H13: =Tabelle1!H13 -> 34.84 | I13: =$D13*H13 -> 154341.2 | J13: 37.33 | K13: =$D13*J13 -> 165371.9 | L13: 36 | M13: =$D13*L13 -> 159480 | N13: 37.5 | O13: =$D13*N13 -> 166125
A14: 01.01.01.030 | C14: Textilbelag, Fliesen, Schlinge, getuftet, synthetisch, 50x50cm, Touch & Tones 102 | D14: 1313 | E14: m² | F14: =Tabelle1!F14 -> 48.1 | G14: =$D14*F14 -> 63155.3 | H14: =Tabelle1!H14 -> 46.75 | I14: =$D14*H14 -> 61382.75 | J14: 49.95 | K14: =$D14*J14 -> 65584.35 | L14: 49.55 | M14: =$D14*L14 -> 65059.15 | N14: 51.54 | O14: =$D14*N14 -> 67672.02
A15: 01.01.01.040 | B15: Bo,XA | C15: Zulage, Akustikrücken, T&T II 101 ReCushionbac | D15: 1 | E15: m² | F15: =Tabelle1!F15 -> 5.1 | G15: NEP | H15: =Tabelle1!H15 -> 4.25 | I15: NEP | J15: 44.44 | K15: NEP | L15: 5.05 | M15: NEP | N15: 5.3 | O15: NEP
A16: 01.01.01.050 | B16: Bo,XA | C16: Zulage, Akustikrücken, T&T II 102 ReCushionbac | D16: 1 | E16: m² | F16: =Tabelle1!F16 -> 5.1 | G16: NEP | H16: =Tabelle1!H16 -> 4.25 | I16: NEP | J16: 53 | K16: NEP | L16: 5.05 | M16: NEP | N16: =Tabelle1!N16 -> 5.3 | O16: NEP
A17: 01.01.01.060 | B17: Bo,XA | C17: Aussparung, Bodentanks im Teppich-Belag, Du 305 mm, RUND! | D17: 385 | E17: St | F17: =Tabelle1!F17 -> 5.65 | G17: =$D17*F17 -> 2175.25 | H17: 6.1 | I17: =$D17*H17 -> 2348.5 | J17: 4 | K17: =$D17*J17 -> 1540 | L17: 1.25 | M17: NEP | N17: 5.8 | O17: =$D17*N17 -> 2233
A18: 01.01.01.070 | B18: Bo,XA | C18: Aussparung Revisionsöffnung, 600/600 mm, mit Teppich belegen | D18: 1 | E18: St | F18: =Tabelle1!F18 -> 12.4 | G18: NEP | H18: =Tabelle1!H18 -> 4.5 | I18: NEP | J18: 4 | K18: NEP | L18: 1.85 | M18: NEP | N18: =Tabelle1!N18 -> nicht notwendig | O18: NEP
A19: 01.01.01.080 | C19: Sockelleiste, Textilbelag, gekettelt, h=50 mm, geklebt, | D19: 3923 | E19: m | H19: =Tabelle1!H19 -> 5.9 | I19: NEP | K19: NEP | N19: =Tabelle1!N19 -> 5.5 | O19: NEP
A20: 01.01.01.080A | C20: Sockelleiste, Vollholz, weiß, 60 mm | D20: 3923 | E20: m | F20: 9.28 | G20: =$D20*F20 -> 36405.44 | H20: 6.35 | I20: =$D20*H20 -> 24911.05 | K20: =$D20*J20 -> 0 | N20: 6.95 | O20: =$D20*N20 -> 27264.85
C21: Sockelleiste,Vollholz, weiß, folienummantelt | D21: 3923 | E21: m | N21: 7.35 | O21: NEP
C22: Sockelleiste, MDF- Kern, 13*60 mm | D22: 1 | E22: m | F22: 5.88 | G22: NEP
C23: Sockelleiste, Textilbelag, gekettelt, h=50 mm, geklebt, zu Fabr. Dolomite | D23: 3923 | E23: m | F23: =Tabelle1!F20 -> 4.85 | G23: NEP | H23: =Tabelle1!H20 -> 0 | J23: 5.2 | L23: 5.2 | M23: =$D23*L23 -> 20399.6
C24: Sockelleiste, Textilbelag, gekettelt, h=50 mm, geklebt zu Fabr. touch&tones | D24: 3923 | E24: m | F24: =Tabelle1!F21 -> 5.7 | G24: NEP | H24: =Tabelle1!H21 -> 0 | J24: 6.8
A25: 01.01.01.090 | B25: Bo,XA | C25: Sockelleiste, Textilbelag, gekettelt, h=70 mm, geklebt | D25: 1 | E25: m | H25: =Tabelle1!H22 -> 6.9 | I25: NEP | J25: k. Angebot | K25: NEP | N25: =Tabelle1!N22 -> 6.75 | O25: NEP
C26: Sockelleiste, Textilbelag, gekettelt, h=50 mm, geklebt, zu Fabr. Dolomite | D26: 1 | E26: m | F26: =Tabelle1!F23 -> 6 | G26: NEP | H26: =Tabelle1!H23 -> 0 | L26: 5.95 | M26: NEP | N26: =Tabelle1!N23 -> 0
C27: Sockelleiste, Textilbelag, gekettelt, h=50 mm, geklebt zu Fabr. touch&tones | D27: 1 | E27: m | F27: =Tabelle1!F24 -> 7.1 | G27: NEP | H27: =Tabelle1!H24 -> 0 | N27: =Tabelle1!N24 -> 0
A28: 01.01.01.100 | B28: Bo,XA | C28: Übergangsprofil für Belag, Aluminium eloxiert, b=30 mm | D28: 1 | E28: m | F28: =Tabelle1!F25 -> 13.8 | G28: NEP | H28: =Tabelle1!H25 -> 14.9 | I28: NEP | J28: 24 | K28: NEP | L28: 7.25 | M28: NEP | N28: =Tabelle1!N25 -> 13.15 | O28: NEP
A29: 01.01.01.110 | B29: Bo,XA | C29: Übergangsprofil für Belag, Messing, b=30mm | D29: 1 | E29: m | F29: =Tabelle1!F26 -> 16.7 | G29: NEP | H29: =Tabelle1!H26 -> 19.9 | I29: NEP | J29: k. Angebot | K29: NEP | L29: 13.95 | M29: NEP | N29: =Tabelle1!N26 -> 18.95 | O29: NEP
A30: 01.01.01. | C30: Teppichboden | G30: =SUM(G12:G29) -> 276186.09 | I30: =SUM(I12:I29) -> 259348.2 | K30: =SUM(K12:K29) -> 246506.73 | M30: =SUM(M12:M29) -> 277381.05 | O30: =SUM(O12:O29) -> 273056.27
A32: 01.01.02.010 | C32: Untergrund vorbereiten, grundieren, Ausgleichsmasse, Hohlraumboden | D32: 1885 | E32: m² | F32: =Tabelle1!F29 -> 3.6 | G32: =$D32*F32 -> 6786 | H32: =Tabelle1!H29 -> 7.75 | I32: =$D32*H32 -> 14608.75 | J32: 6.8 | K32: =$D32*J32 -> 12818 | L32: 5.65 | M32: =$D32*L32 -> 10650.25 | N32: =Tabelle1!N29 -> 5.1 | O32: =$D32*N32 -> 9613.5
A33: 01.01.02.020 | C33: Fußbodenbelag, Vinyl, elastisch, d=4,5 mm, 50x50 cm, | D33: 1885 | E33: m² | F33: =Tabelle1!F30 -> 38.15 | G33: =$D33*F33 -> 71912.75 | H33: =Tabelle1!H30 -> 37.69 | I33: =$D33*H33 -> 71045.65 | J33: 37 | K33: =$D33*J33 -> 69745 | L33: 41.45 | M33: =$D33*L33 -> 78133.25 | N33: 38.5 | O33: =$D33*N33 -> 72572.5
C34: aus Titel 01.01.03 (Kautschukbelag) | D34: 81 | E34: m2 | F34: 38.15 | G34: =$D34*F34 -> 3090.15 | H34: 37.69 | I34: =$D34*H34 -> 3052.89 | J34: 37 | K34: =$D34*J34 -> 2997 | N34: 38.5 | O34: =$D34*N34 -> 3118.5
A35: 01.01.02.030 | C35: Sockelleiste, PVC-weich, 50 mm | D35: 1351 | E35: m | F35: =Tabelle1!F31 -> 3.45 | G35: NEP | H35: =Tabelle1!H31 -> 4.9 | I35: NEP | J35: 5.6 | K35: NEP | L35: 6.75 | M35: =$D35*L35 -> 9119.25 | N35: 3.72 | O35: NEP
A36: 01.01.02.030A | C36: Sockelleiste, Vollholz, weiß, 60 mm | D36: 1351 | E36: m | F36: 9.28 | G36: =$D36*F36 -> 12537.28 | H36: 8.3 | I36: =$D36*H36 -> 11213.3 | K36: =$D36*J36 -> 0 | N36: 6.95 | O36: =$D36*N36 -> 9389.45
C37: Sockelleiste,Vollholz, weiß, folienummantelt | D37: 1351 | E37: m | N37: 7.35 | O37: NEP
C38: Sockelleiste, MDF- Kern, 13*60 mm | D38: 1 | E38: m | F38: 5.88 | G38: NEP
A39: 01.01.02.040 | B39: Bo,XA | C39: Sockelleiste, Vinyl, Holzfaserkern, 50mm | D39: 1 | E39: m | F39: =Tabelle1!F32 -> 3.85 | G39: NEP | H39: =Tabelle1!H32 -> 5.9 | I39: NEP | J39: k. Angebot | K39: NEP | L39: 5.3 | M39: NEP | N39: =Tabelle1!N32 -> 6.4 | O39: NEP
A40: 01.01.02.050 | B40: Bo,XA | C40: Sockelleiste, Vinyl, auf MDF, 50 mm | D40: 1 | E40: m | F40: =Tabelle1!F33 -> k. Angebot | G40: NEP | H40: =Tabelle1!H33 -> 8.9 | I40: NEP | J40: k. Angebot | K40: NEP | L40: 9.5 | M40: NEP | N40: =Tabelle1!N33 -> 7.95 | O40: NEP
A41: 01.01.02.060 | C41: Erstpflege Vinyl-Bodenbelag und Sockelleisten | D41: 1885 | E41: m² | F41: =Tabelle1!F34 -> 1.7 | G41: =$D41*F41 -> 3204.5 | H41: =Tabelle1!H34 -> 3.9 | I41: =$D41*H41 -> 7351.5 | J41: k. Angebot | L41: 1.5 | M41: =$D41*L41 -> 2827.5 | N41: =Tabelle1!N34 -> 2.05 | O41: =$D41*N41 -> 3864.25
A42: 01.01.02.070 | B42: Bo,XA | C42: Übergangsprofil, unter Türen | D42: 1 | E42: m | F42: =Tabelle1!F35 -> 24.8 | G42: NEP | H42: =Tabelle1!H35 -> 20.9 | I42: NEP | J42: 29 | K42: NEP | L42: 13.9 | M42: NEP | N42: =Tabelle1!N35 -> 13.15 | O42: NEP
A43: 01.01.02.080 | B43: Bo,XA | C43: Untergrund ausgleichen, 3-5mm, Übergangsbereich Vinylboden/Teppichboden | D43: 1 | E43: m² | F43: =Tabelle1!F36 -> k. Angebot | G43: NEP | H43: =Tabelle1!H36 -> 6.9 | I43: NEP | J43: 6.8 | K43: NEP | L43: 14.45 | M43: NEP | N43: =Tabelle1!N36 -> 18.2 | O43: NEP
A44: 01.01.02.090 | B44: Bo,XA | C44: Zulage, elastische Dämmunterlage, Höhenausgleich, d=3mm | D44: 1 | E44: m² | F44: =Tabelle1!F37 -> 16.8 | G44: NEP | H44: =Tabelle1!H37 -> 19.9 | I44: NEP | J44: k. Angebot | K44: NEP | L44: 19.75 | M44: NEP | N44: =Tabelle1!N37 -> k. Angebot | O44: NEP
A45: 01.01.02.100 | B45: Bo,XA | C45: Zulage, elastische Dämmunterlage, Höhenausgleich, d=4mm | D45: 1 | E45: m² | F45: =Tabelle1!F38 -> k. Angebot | G45: NEP | H45: =Tabelle1!H38 -> 21.9 | I45: NEP | J45: k. Angebot | K45: NEP | L45: 23.6 | M45: NEP | N45: =Tabelle1!N38 -> k. Angebot | O45: NEP
A46: 01.01.02. | C46: Vinyl Fußbodenbelag | G46: =SUM(G32:G45) -> 97530.68 | I46: =SUM(I32:I45) -> 107272.09 | K46: =SUM(K32:K45) -> 85560 | M46: =SUM(M32:M45) -> 100730.25 | O46: =SUM(O32:O45) -> 98558.2
A48: 01.01.03.010 | C48: Untergrund vorbereiten, grundieren, Ausgleichsmasse, Estrich | D48: 55 | E48: m² | F48: =Tabelle1!F41 -> 5.6 | G48: =$D48*F48 -> 308 | H48: =Tabelle1!H41 -> 7.75 | I48: =$D48*H48 -> 426.25 | J48: 6.8 | K48: =$D48*J48 -> 374 | L48: 5.65 | M48: =$D48*L48 -> 310.75 | N48: =Tabelle1!N41 -> 5.1 | O48: =$D48*N48 -> 280.5
A49: 01.01.03.020 | C49: Untergrund vorbereiten, grundieren, Ausgleichsmasse, Hohlraumboden | D49: 81 | E49: m² | F49: =Tabelle1!F42 -> 5.6 | G49: =$D49*F49 -> 453.6 | H49: =Tabelle1!H42 -> 7.75 | I49: =$D49*H49 -> 627.75 | J49: 6.8 | K49: =$D49*J49 -> 550.8 | L49: 5.65 | M49: =$D49*L49 -> 457.65 | N49: =Tabelle1!N42 -> 5.1 | O49: =$D49*N49 -> 413.1 | P49: NEP?
A50: 01.01.03.030 | C50: Untergrund vorbereiten, grundieren, Doppelboden | D50: 186 | E50: m² | F50: =Tabelle1!F43 -> k. Angebot | H50: =Tabelle1!H43 -> 1.95 | I50: =$D50*H50 -> 362.7 | J50: 6.8 | K50: =$D50*J50 -> 1264.8 | L50: 1 | M50: =$D50*L50 -> 186 | N50: =Tabelle1!N43 -> bauseits
A51: 01.01.03.040 | C51: Kautschukbelag, synthetisch, Noppen, 50/50cm, 3mm | D51: 73 | E51: m² | F51: =Tabelle1!F44 -> 52.85 | G51: NEP | H51: =Tabelle1!H44 -> 53.25 | I51: NEP | J51: 67 | K51: NEP | L51: 56.45 | M51: =$D51*L51 -> 4120.85 | N51: =Tabelle1!N44 -> 58.5 | O51: NEP
A52: 01.01.03.050 | C52: Kautschukbelag, synthetisch, Noppen, 50/50cm, 2mm | D52: 8 | E52: m² | F52: =Tabelle1!F45 -> 52.85 | G52: NEP | H52: =Tabelle1!H45 -> 53.25 | I52: NEP | J52: 67 | K52: NEP | L52: 56.45 | M52: =$D52*L52 -> 451.6 | N52: =Tabelle1!N45 -> 58.5 | O52: NEP
A53: 01.01.03.060 | C53: Kautschukbelag, syntethisch, Noppen, 50/50cm, 3mm, ableitfähig | D53: 186 | E53: m² | F53: =Tabelle1!F46 -> 74 | G53: entfällt | H53: =Tabelle1!H46 -> 97.42 | I53: entfällt | J53: 78 | K53: entfällt | L53: 63.05 | M53: =$D53*L53 -> 11727.3 | N53: =Tabelle1!N46 -> bauseits
A54: 01.01.03.070 | C54: Kautschukbelag, syntethisch, Noppen, 50/50cm, 5mm, ableitfähig | D54: 55 | E54: m² | F54: =Tabelle1!F47 -> 74 | G54: entfällt | H54: =Tabelle1!H47 -> 97.42 | I54: entfällt | J54: 78 | K54: entfällt | L54: 79.6 | M54: =$D54*L54 -> 4378 | N54: =Tabelle1!N47 -> 72.4 | O54: entfällt
A55: 01.01.03.080 | B55: Bo,XA | C55: Linoleum-Belag, 5 mm, ableitfähig, 50x50 cm | D55: 1 | E55: m² | F55: =Tabelle1!F48 -> nicht möglich | H55: =Tabelle1!H48 -> 41.75 | I55: NEP | J55: k. Angebot | K55: NEP | L55: 27.85 | M55: NEP | N55: =Tabelle1!N48 -> k. Angebot | O55: NEP
A56: 01.01.03.090 | C56: Sockelleiste, Kautschuk, synthethisch, 50 mm | D56: 489 | E56: m | F56: =Tabelle1!F49 -> 12.8 | G56: NEP | H56: =Tabelle1!H49 -> 7.9 | I56: NEP | J56: 12.9 | K56: NEP | L56: 11.85 | M56: =$D56*L56 -> 5794.65 | N56: =Tabelle1!N49 -> 13.9 | O56: NEP
A57: 01.01.03.090A | C57: Sockelleiste, Vollholz, weiß, 60 mm | D57: 489 | E57: m | F57: 9.28 | G57: =$D57*F57 -> 4537.92 | H57: 8.3 | I57: =$D57*H57 -> 4058.7 | K57: =$D57*J57 -> 0 | N57: 6.95 | O57: =$D57*N57 -> 3398.55
C58: Sockelleiste,Vollholz, weiß, folienummantelt | D58: 489 | E58: m | N58: 7.35 | O58: NEP
C59: Sockelleiste, MDF- Kern, 13*60 mm | D59: 1 | E59: m | F59: 5.88 | G59: NEP
A60: 01.01.03. | C60: Kautschuk-Bodenbelag | G60: =SUM(G48:G57) -> 5299.52 | I60: =SUM(I48:I57) -> 5475.4 | K60: =SUM(K48:K57) -> 2189.6 | M60: =SUM(M48:M56) -> 27426.8 | O60: =SUM(O48:O58) -> 4092.15
A62: 01.01.04.010 | B62: Bo,XA | C62: Trennschiene, Aluminium, h=5mm | D62: 1 | E62: m | F62: =Tabelle1!F52 -> 12.8 | G62: NEP | H62: =Tabelle1!H52 -> 16.9 | I62: NEP | J62: 24 | K62: NEP | L62: 8.85 | M62: NEP | N62: =Tabelle1!N52 -> 14.35 | O62: NEP
A63: 01.01.04.020 | B63: Bo,XA | C63: Risse/Arbeitsfugen schließen, Estrich | D63: 1 | E63: m | F63: =Tabelle1!F53 -> 7.95 | G63: NEP | H63: =Tabelle1!H53 -> 9.9 | I63: NEP | J63: 9 | K63: NEP | L63: 7.9 | M63: NEP | N63: =Tabelle1!N53 -> 9 | O63: NEP
A64: 01.01.04.030 | B64: Bo,XA | C64: Risse/Arbeitsfugen schließen, Estrich, Verdübelung | D64: 1 | E64: m | F64: =Tabelle1!F54 -> 7.95 | G64: NEP | H64: =Tabelle1!H54 -> 9.9 | I64: NEP | J64: 12 | K64: NEP | L64: 7.9 | M64: NEP | N64: =Tabelle1!N54 -> 9 | O64: NEP
A65: 01.01.04.040 | B65: Bo,XA | C65: Feuchtigkeitsmessung | D65: 1 | E65: St | F65: =Tabelle1!F55 -> 12.8 | G65: NEP | H65: =Tabelle1!H55 -> 42.5 | I65: NEP | J65: 30 | K65: NEP | L65: 18.15 | M65: NEP | N65: =Tabelle1!N55 -> 35 | O65: NEP
A66: 01.01.04.050 | B66: Bo,XA | C66: Absperren Restfeuchte | D66: 1 | E66: m² | F66: =Tabelle1!F56 -> 14.15 | G66: NEP | H66: =Tabelle1!H56 -> 8.9 | I66: NEP | J66: k. Angebot | K66: NEP | L66: 13.95 | M66: NEP | N66: =Tabelle1!N56 -> 18.2 | O66: NEP
A67: 01.01.04.060 | B67: Bo,XA | C67: Schutzabdeckung Bodenbelag incl. Aufnehmen und Entsorgung | D67: 1 | E67: m² | H67: =Tabelle1!H57 -> 4.9 | I67: NEP | L67: 3.05 | M67: NEP
A68: 01.01.04.060 | B68: Bo,XA | C68: Schutzabdeckung Bodenbelag, ohne Aufnehmen und Entsorgung | D68: 1 | E68: m² | F68: 2.35 | G68: NEP | J68: 2.7 | K68: NEP | L68: 3.05 | M68: NEP | N68: 2.2 | O68: NEP
A69: Z1 | C69: Silkonfuge, Übergang Vinyl zu PR- Fassade | D69: 1 | E69: lfdm | G69: NEP | H69: 3.9 | I69: NEP | K69: NEP | N69: 4.2 | O69: NEP
A70: Z2 | C70: Türzargen im Bereich des Vinyl - Belages, Dichtstofffuge | D70: 1 | E70: lfdm | G70: NEP | H70: 5 | I70: NEP | K70: NEP | N70: 6.5 | O70: NEP
A71: Z3 | C71: Acrylfuge zw. Sockel und Wand | D71: 1 | E71: lfdm | G71: NEP | I71: NEP | K71: NEP | N71: 3.3 | O71: NEP
A72: Z4 | C72: Silikonfuge Zw. Sockel und Boden | D72: 1 | E72: lfdm | F72: 3.55 | G72: NEP | H72: 3.9 | I72: NEP | K72: NEP | N72: 4.2 | O72: NEP
A73: Z5 | C73: Interface Dolomite 50*50, Reserve | D73: 100 | E73: m2 | F73: 28.8 | G73: NEP | H73: 28.98 | I73: NEP | K73: NEP | N73: 29.25 | O73: NEP
A74: Z6 | C74: Interface touch & tones 50*50, Reserve; Fb. 4175084- Garnet | D74: 50 | E74: m2 | F74: 41.25 | G74: NEP | H74: 41.94 | I74: NEP | K74: NEP | N74: 42.35 | O74: NEP
A75: Z7 | C75: Interface touch & tones 50*50, Reserve; Fb. 4175083- Gold | D75: 50 | E75: m2 | F75: 41.25 | G75: NEP | H75: 41.94 | I75: NEP | K75: NEP | N75: 42.35 | O75: NEP
A76: Z8 | C76: Interface touch & tones 50*50, Reserve; Fb. 4175078- Olive | D76: 50 | E76: m2 | F76: 41.25 | G76: NEP | H76: 41.94 | I76: NEP | K76: NEP | N76: 42.35 | O76: NEP
A77: Z9 | C77: Interface touch & tones 50*50, Reserve; Fb. 4175072- Coffee | D77: 50 | E77: m2 | F77: 41.25 | G77: NEP | H77: 41.94 | I77: NEP | K77: NEP | N77: 42.35 | O77: NEP
A78: Z10 | C78: Interface touch & tones 50*50, Reserve; Fb. 4175080- Petrol | D78: 50 | E78: m2 | F78: 41.25 | G78: NEP | H78: 41.94 | I78: NEP | K78: NEP | N78: 42.35 | O78: NEP
A79: Z11 | C79: Interface touch & tones 50*50, Reserve; Fb. 4175073- Carbon | D79: 50 | E79: m2 | F79: 41.25 | G79: NEP | H79: 41.94 | I79: NEP | K79: NEP | N79: 42.35 | O79: NEP
A80: Z12 | C80: Vinyl 50*50 | D80: 50 | E80: m2 | F80: 29.45 | G80: NEP | H80: 34.84 | I80: NEP | O80: NEP
A81: 01.01.04. | C81: Sonstiges | G81: =SUM(G62:G79) -> 0 | I81: =SUM(I62:I79) -> 0 | K81: =SUM(K62:K79) -> 0 | M81: =SUM(M62:M67) -> 0 | O81: =SUM(O62:O79) -> 0
A83: 01.02. | C83: Bodenbelagsarbeiten Bauteil B
A84: 01.02.01.010 | C84: Untergrund vorbereiten, grundieren, Ausgleichsmasse, Hohlraumboden | D84: 10545 | E84: m² | F84: =Tabelle1!F61 -> 2.8 | G84: =$D84*F84 -> 29526 | H84: =Tabelle1!H61 -> 2.85 | I84: =$D84*H84 -> 30053.25 | J84: 2.44 | K84: =$D84*J84 -> 25729.8 | L84: 5.65 | M84: =$D84*L84 -> 59579.25 | N84: 1.7 | O84: =$D84*N84 -> 17926.5
A85: 01.02.01.020 | C85: Textilbelag, Fliesen, Schlinge, getuftet, synthetisch, 50x50cm, Dolomite | D85: 10545 | E85: m² | F85: =Tabelle1!F62 -> 35.75 | G85: =$D85*F85 -> 376983.75 | H85: =Tabelle1!H62 -> 34.84 | I85: =$D85*H85 -> 367387.8 | J85: 37.33 | K85: =$D85*J85 -> 393644.85 | L85: 36 | M85: =$D85*L85 -> 379620 | N85: 37.5 | O85: =$D85*N85 -> 395437.5
A86: 01.02.01.030 | B86: Bo,XA | C86: Textilbelag, Fliesen, Schlinge, getuftet, synthetisch, 50x50cm, Touch & Tones 102 | D86: 1 | E86: m² | F86: =Tabelle1!F63 -> 48.1 | G86: NEP | H86: =Tabelle1!H63 -> 46.75 | I86: NEP | J86: 52 | K86: NEP | L86: 49.55 | M86: NEP | N86: 51.54 | O86: NEP
A87: 01.02.01.040 | B87: Bo,XA | C87: Zulage, Akustikrücken, T&T II 101 ReCushionbac | D87: 1 | E87: m² | F87: =Tabelle1!F64 -> 5.1 | G87: NEP | H87: =Tabelle1!H64 -> 4.25 | I87: NEP | J87: 44.44 | K87: NEP | L87: 5.05 | M87: NEP | N87: 5.3 | O87: NEP
A88: 01.02.01.050 | B88: Bo,XA | C88: Zulage, Akustikrücken, T&T II 102 ReCushionbac | D88: 1 | E88: m² | F88: =Tabelle1!F65 -> 5.1 | G88: NEP | H88: =Tabelle1!H65 -> 4.25 | I88: NEP | J88: 55 | K88: NEP | L88: 5.05 | M88: NEP | N88: =Tabelle1!N65 -> 5.3 | O88: NEP
A89: 01.02.01.060 | C89: Aussparung, Bodentanks im Teppich-Belag, Du 305 mm, RUND! | D89: 700 | E89: St | F89: =Tabelle1!F66 -> 5.65 | G89: =$D89*F89 -> 3955 | H89: 6.1 | I89: =$D89*H89 -> 4270 | J89: 4 | K89: =$D89*J89 -> 2800 | L89: 1.25 | M89: =$D89*L89 -> 875 | N89: =Tabelle1!N66 -> 5.8 | O89: =$D89*N89 -> 4060
A90: 01.02.01.070 | B90: Bo,XA | C90: Aussparung Revisionsöffnung, 600/600 mm, mit Teppich belegen | D90: 1 | E90: St | F90: =Tabelle1!F67 -> 12.4 | G90: NEP | H90: =Tabelle1!H67 -> 4.5 | I90: NEP | J90: 4 | K90: NEP | L90: 1.85 | M90: NEP | N90: =Tabelle1!N67 -> nicht notwendig | O90: NEP
A91: 01.02.01.080 | C91: Sockelleiste, Textilbelag, gekettelt, h=50 mm, geklebt | D91: 3775 | E91: m | F91: =Tabelle1!F68 -> 0 | H91: =Tabelle1!H68 -> 5.9 | I91: NEP | K91: NEP | N91: =Tabelle1!N68 -> 5.5 | O91: NEP
A92: 01.02.01.080A | C92: Sockelleiste, Vollholz, weiß, 60 mm | D92: 3775 | E92: m | F92: 9.28 | G92: =$D92*F92 -> 35032 | H92: 6.35 | I92: =$D92*H92 -> 23971.25 | K92: =$D92*J92 -> 0 | N92: 6.95 | O92: =$D92*N92 -> 26236.25
C93: Sockelleiste, Textilbelag, gekettelt, h=50 mm, geklebt, zu Fabr. Dolomite | D93: 3775 | E93: m | F93: =Tabelle1!F69 -> 4.85 | G93: nEP | H93: =Tabelle1!H69 -> 0 | J93: 5.2 | L93: 5.2 | M93: =$D93*L93 -> 19630 | N93: =Tabelle1!N69 -> 0
C94: Sockelleiste, Textilbelag, gekettelt, h=50 mm, geklebt zu Fabr. touch&tones | D94: 3775 | E94: m | F94: =Tabelle1!F70 -> 5.7 | G94: NEP | H94: =Tabelle1!H70 -> 0 | J94: 6.8 | N94: =Tabelle1!N70 -> 0
C95: Sockelleiste,Vollholz, weiß, folienummantelt | D95: 3775 | E95: m | N95: 7.35 | O95: NEP
C96: Sockelleiste, MDF- Kern, 13*60 mm | D96: 1 | E96: m | F96: 5.88 | G96: NEP
A97: 01.02.01.090 | B97: Bo,XA | C97: Sockelleiste, Textilbelag, gekettelt, h=70 mm, geklebt | D97: 1 | E97: m | F97: =Tabelle1!F71 -> 0 | H97: =Tabelle1!H71 -> 6.9 | I97: NEP | J97: k. Angebot | K97: NEP | N97: =Tabelle1!N71 -> 6.75 | O97: NEP
C98: Sockelleiste, Textilbelag, gekettelt, h=50 mm, geklebt, zu Fabr. Dolomite | D98: 1 | E98: m | F98: =Tabelle1!F72 -> 6 | G98: NEP | H98: =Tabelle1!H72 -> 0 | L98: 5.95 | M98: NEP | N98: =Tabelle1!N72 -> 0
C99: Sockelleiste, Textilbelag, gekettelt, h=50 mm, geklebt zu Fabr. touch&tones | D99: 1 | E99: m | F99: =Tabelle1!F73 -> 7.1 | G99: NEP | H99: =Tabelle1!H73 -> 0 | N99: =Tabelle1!N73 -> 0
A100: 01.02.01.100 | B100: Bo,XA | C100: Übergangsprofil für Belag, Aluminium eloxiert, b=30 mm | D100: 1 | E100: m | F100: =Tabelle1!F74 -> 13.8 | G100: NEP | H100: =Tabelle1!H74 -> 14.9 | I100: NEP | J100: 24 | K100: NEP | L100: 7.25 | M100: NEP | N100: =Tabelle1!N74 -> 13.15 | O100: NEP
A101: 01.02.01.110 | B101: Bo,XA | C101: Übergangsprofil für Belag, Messing, b=30mm | D101: 1 | E101: m | F101: =Tabelle1!F75 -> 16.7 | G101: NEP | H101: =Tabelle1!H75 -> 19.9 | I101: NEP | J101: k. Angebot | K101: NEP | L101: 13.95 | M101: NEP | N101: =Tabelle1!N75 -> 18.95 | O101: NEP
A102: 01.02.01. | C102: Teppichboden | G102: =SUM(G62:G101) -> 445496.75 | I102: =SUM(I62:I101) -> 425682.3 | K102: =SUM(K62:K101) -> 422174.65 | M102: =SUM(M62:M101) -> 459704.25 | O102: =SUM(O62:O101) -> 443660.25
A104: 01.02.02.010 | C104: Kautschukbelag, synthetisch, 50/50cm, 3mm, R10, Teeküchen | D104: 400 | E104: m² | F104: =Tabelle1!F78 -> 52.85 | G104: =$D104*F104 -> 21140 | H104: =Tabelle1!H78 -> 53.25 | I104: =$D104*H104 -> 21300 | J104: 67 | K104: =$D104*J104 -> 26800 | L104: 56.45 | M104: =$D104*L104 -> 22580 | N104: 56.2 | O104: =$D104*N104 -> 22480
A105: 01.02.02.020 | C105: Kautschukbelag, syntethisch, Noppen, 50/50cm, 3mm, ableitfähig | D105: 293 | E105: m² | F105: =Tabelle1!F79 -> 74 | G105: entfällt | H105: =Tabelle1!H79 -> 97.42 | I105: entfällt | J105: 78 | K105: entfällt | L105: 63.05 | M105: =$D105*L105 -> 18473.65 | N105: =Tabelle1!N79 -> bauseits
...
